camp_id,camp_name,current_location,website,needs_address,needs_sessions,session_count
"370cf10c-6876-403e-916f-01bfefcb6cb2","ACAC Midlothian Summer Camp","13501 Waterford Place Parkway, Midlothian, VA 23113","https://acac.com/midlothian/programs-events/youth/summer-camp/",,YES,0
"bc7b3232-2f0c-46b8-b869-5932a3e160a8","Art Factory Summer Art Camp","4810 Market Square Lane Midlothian VA 23112","https://artfactoryva.com/admission/",,YES,0
"91de4858-4f00-45ef-84fd-408a1020215c","Bach to Rock Midlothian","11400 W Huguenot Road #105, Midlothian, VA","https://www.b2rmusic.com",,YES,0
"060bfd6d-0cba-4616-989d-d6eae1454512","Bella Ballerina Dance Camp, Chesterfield","13924 Hull Street Road Midlothian, VA 23112","https://www.bellaballerinarva.com/summer-dance-camp.html",,YES,0
"8904e113-9f8c-4515-a3d9-298fc57e0473","Bella Ballerina Dance Camp, Short Pump","3411 Cox Road ​Henrico, VA 23233","https://www.bellaballerinarva.com/summer-dance-camp.html",,YES,0
"4d70fd67-0c63-47f4-8bbc-1467e04cbf51","Blue Sky Fund Outdoor Leadership Institute","1806 Creighton Road, Richmond, VA","https://blueskyfund.org",,YES,0
"4fed686d-59c3-4c3e-9664-bdfe1363cc23","Bricks 4 Kidz Richmond","Multiple Richmond locations","https://www.bricks4kidz.com",YES,YES,0
"0d9e8c41-1d2a-4d89-b951-06c1d7b5e327","Brilliant Summer at St. Catherine's School","6001 Grove Avenue, Richmond, VA","https://www.st.catherines.org/summer-programs-overview/brilliant-summer-camps",,YES,0
"1943d3dc-d1c3-438b-98d1-6e2e9cb029ab","Camp Baker at SOAR 365","7600 Beach Road, Chesterfield, VA 23838","https://soar365.org",,YES,0
"81449156-6ce9-40f0-a7d2-60587c1e5289","Camp C.H.E.F. with Edible Education","Stony Point Fashion Park & Waterford Place, Richmond, VA","https://www.edibleedu.com/",YES,YES,0
"c4d5ec4b-aaa7-4d7b-b978-a99e54bd0f84","Camp Thunderbird (YMCA)","Near Pocahontas State Park, Chesterfield, VA","https://www.ymcarichmond.org/programs/camp/",YES,YES,0
"cfec49c4-58f5-4a79-94fa-e9e8873bc104","Camp Tuckahoe (Tuckahoe Sports Training Center)","2450 Little League Drive, Henrico, VA","http://www.tuckahoesports.org",,YES,0
"015d7ea8-a7f7-4bb4-aa37-764f1d8d0499","Challenger Sports British Soccer Camps","Various Richmond locations","https://www.challengersports.com",YES,YES,0
"0260bd5c-4882-4645-995d-65bf8270f51a","CharacterWorks Musical Theater Camps","Multiple Richmond locations","https://www.cworkstheater.org/camps/",YES,,9
"9cb16667-0680-43fa-965e-c3325420ee2b","Civil War Adventure Camp at Pamplin Historical Park","6125 Boydton Plank Road, Petersburg, VA","https://pamplinpark.org",,YES,0
"54cdbc57-f361-4ac9-af1f-00b285d63309","Club SciKidz / Tech Scientific","Millwood School (Midlothian) and St. Christopher's School (Richmond)","https://richmond.clubscikidz.com/",YES,YES,0
"15844129-6b4b-49fc-829c-a6f201c83ef1","Collegiate School Lower School Enrichment","5050 Ridgedale Parkway, Richmond, VA 23234","https://www.collegiate-va.org/enrichment-ls#enrichment-ls",,YES,0
"f48735d4-2a32-4233-84ff-3fce19135f3c","Cultural Arts Center at Glen Allen Summer Camps","2880 Mountain Road, Glen Allen, VA 23060","https://artsglenallen.com",,YES,0
"2dda34c7-aaac-4dd7-ae8d-efcd2da728f9","Discovery Center Stony Point","9200 Stony Point Pkwy. Suite 192 A Richmond, VA 23235","https://www.discoverychess.com/summer",,YES,0
"9eb0fc7c-4096-4591-b947-c4743a5ac663","Doodle Dynamo Art Camp","15100 Millwood School Lane, Midlothian, VA","https://doodledynamo.com/richmond/",YES,YES,0
"000b00e9-2b1d-4b59-b00b-a1f66a73bd0d","First Tee Greater Richmond","100 Everett Street, Richmond, VA 23224","https://firstteegreaterrichmond.org",,YES,0
"2cb42ecb-a7a2-40b1-8b1f-32a37f691d54","Greenspring Academy of Music Summer Institutes","503 Stuart Circle, Richmond, VA 23220","https://www.greenspringmusic.org/2026-summer-music-institutes",YES,,9
"7eb42b3b-bf37-4c28-8b9e-5e719660f804","GRSM Summer Music Camps","9109 Dickey Dr, Mechanicsville, VA 23116","https://www.grsm.net/summer-camps",,YES,0
"16841015-e271-490b-9631-50cf38d9adbb","i9 Sports Multi-Sport Camp","Multiple Richmond locations","https://www.i9sports.com",YES,YES,0
"24cf8093-6096-43fc-81cc-f2209f8ee617","iD Tech Camps","University of Richmond, VA","https://www.idtech.com",YES,YES,0
"3c7ab356-fbb0-4ac6-9e47-3c279f983a86","James River Association Summer Camps","16 S 17th Street Suite 100, Richmond, VA 23219","https://thejamesriver.org",,YES,0
"9feec5d7-dfe0-44cb-9b1c-fe93ccd13349","Johns Hopkins Center for Talented Youth","11 U.S. locations","https://cty.jhu.edu",YES,YES,0
"45d17c65-a8f5-49cc-ae9c-6172c704ee01","Lewis Ginter Botanical Garden Summer Camp","1800 Lakeside Avenue, Richmond, VA","https://www.lewisginter.org/",,YES,0
"6a34e1d8-c5bc-4ce3-82f6-35cf2c8d8079","M14 Hoops Richmond West Summer Camps","The Steward School & The Rockville Center","https://richmondwest.m14hoops.com/summer/camps/",YES,,10
"b0282852-a5b6-4202-9e74-c0fd6cc4c41f","Master Cho's Tae Kwon Do Summer Camp","4386 Pouncey Tract Road, Glen Allen, VA","https://masterchotkd.com",,YES,0
"4321d3bd-2b8d-44bd-8f0b-94d71affca82","Maymont Summer Discovery Camps","1000 Westover Road, Richmond, VA","https://maymont.org/",,YES,0
"dae06ca2-aa27-420f-ae5f-b5a3119b52a3","Minecraft, Roblox, Game Design & Coding Camp","10811 W Broad Street Suite 17, Glen Allen, VA","https://www.codeninjas.com/va-glen-allen",,YES,0
"a78be5cc-be7e-4100-8e12-d73d8746abce","Mosley Music Camps","9545 Kings Charter Drive Ashland, Virginia 23005","https://www.mosleymusic.com/programs/camps",,YES,0
"f918c545-8ddc-42a0-80ec-e5991911b641","My Taekwondo Summer Camp","54 Plaza Dr. Manakin-Sabot, VA 23103","https://www.my-taekwondo.com/summer-camp-1",,YES,0
"b04d4aa8-741c-4f29-8a7c-c6290bc6d31b","Overtime Athletics RVA","Richmond, VA","https://www.otathletics.com",YES,YES,0
"92916235-6426-4272-92f3-e6242a87c399","Passages Adventure Camp (Peak Experiences)","11421 Polo Circle, Midlothian","https://www.peakexperiences.com/passages",,YES,0
"41d1cede-0475-476b-9342-68a54b87fff2","Pipeline Adventure Camp","4019 Riverside Drive, Richmond, VA 23225","https://rvapaddlesports.com/pipeline-adventure-camp/",,YES,0
"c23b2296-55fb-46c3-ac79-ad149d46be25","RAS Camp Adventure Weeks","7161 Studley Road Mechanicsville, Virginia 23116 United States","https://www.rightatschool.com/school/?school=summer-camp-at-rural-point-elementary&district=va-hanover&tab=summer-camps&_gl=1*178vrig*_gcl_au*MTI2MTU2NzU0My4xNzgzNjMyNzc4Ljc5ODQ1OTc3LjE3ODM2MzI4NjIuMTc4MzYzMjg2Mg..",,YES,0
"64c3fe49-80cb-444d-aa0c-fc63acc8541a","Releve RVA Summer Camps","9205-B Midlothian Turnpike, Bon Air, VA 23235","http://www.releverva.com",,YES,0
"58173cb1-e9c8-465d-85d6-4c7dfa99d1f3","Richmond Art Studio Summer Camp","5706 Grove Avenue, Richmond, VA 23226","https://rascamps.com/summer-camp/?utm_source=richmondsummercamps&utm_medium=online-directory&utm_campaign=summer-26",,YES,0
"8843bb79-b66d-4720-b949-eb1ea2b3aa81","Richmond SPCA Critter Camp","2519 Hermitage Road, Richmond, VA","https://richmondspca.org/",,YES,0
"b6d49dfb-6d96-47c0-8d09-d2afc69aeca1","Richmond Spider Soccer Summer Camps","410 Westhampton Way, Richmond, VA 23173","https://richmondspiderssoccercamps.totalcamps.com/About%20Us",,YES,0
"99cb26ff-fed7-4ed7-9118-10afdbe98442","Richmond United Soccer Camps","Multiple Richmond locations","https://richmondunited.com/camps/",YES,YES,0
"163b966f-22bb-4096-82a3-7051156474fb","Richmond Volleyball Club Camps","2921 Byrdhill Road, Henrico, VA","https://www.rvc.net",YES,YES,0
"55327b36-491c-454f-ad1d-f2c598cfbac2","RISE Martial Arts Summer Camp","225 N Washington Highway, Ashland, VA","https://www.rise-martialarts.com/summer-camps",,YES,0
"57bd1cd2-cf11-413b-a05d-ce1c54e7cda6","RITS Summer Camp","601 West Main Street Richmond, VA 23284","https://www.ritsva.com/camp",,YES,0
"2ce1c62e-7dea-4fc3-ab56-82e334dfdda1","Riverside Outfitters Summer Camps","6836 Old Westham Road, Richmond, VA 23225","https://www.riversidecamps.com/all-camps/",,YES,0
"275c94ff-19d8-4275-bbbc-47f774391d2b","Romp n' Roll Summer Camp, Midlothian","11541 Busy Street, Richmond, VA","https://www.rompnroll.com",,YES,0
"0166ddbc-9a6f-49df-8038-1f4c16af74c7","Romp n' Roll Summer Camp, West End","9677 W Broad Street, Glen Allen, VA","https://www.rompnroll.com",,YES,0
"14c2b30a-f6ab-4c84-b51d-f7d69420e259","RVA Paddlesports Summer Camp","James River, Richmond, VA","https://rvapaddlesports.com/camps/",YES,YES,0
"c1855ea1-26c0-4ae2-8004-00976df8d2a9","School of Rock Midlothian","4830 Commonwealth Center Parkway, Midlothian, VA","https://www.schoolofrock.com/locations/midlothian",,YES,0
"73b82ad4-4689-47b4-8362-af7ec161661f","School of Rock Short Pump","4300 Pouncey Tract Road Suite G, Glen Allen, VA","https://www.schoolofrock.com/locations/shortpump",,YES,0
"e49fa5db-3548-488d-b0c2-b5fc18b4023b","Science Museum of Virginia Summer Camp","2500 West Broad Street, Richmond, VA 23220","https://smv.org/explore/things-to-do/summer-camp/",,YES,0
"cd6dcce9-e1e9-46a6-9771-93c32cf07005","SCOR Summer Camp","1385 Overbrook Rd, Richmond, VA 23220","https://scor-richmond.com/camps/",,YES,0
"d4042189-b6fb-47f8-a4bd-8b72b7099583","SkateNation Plus Learn to Skate Camp","4350 Pouncey Tract Road, Glen Allen, VA","https://www.skatenationplus.com",,YES,0
"baa1a3cb-38c1-4d77-8c6f-6191bd35aeab","Snapology of Glen Allen Summer Camps","Glen Allen, VA","https://www.snapology.com",YES,YES,0
"5d0c9777-3fb6-436c-acdc-52aa44c0a123","SPARC Summer","2106 N Hamilton Street, Richmond, VA (plus satellite locations)","https://sparcrichmond.org/summer/",,YES,0
"cae877fe-fdca-4546-822a-7493c56c5f31","St. Michael's Episcopal School Camps","10510 Hobby Hill Road, Richmond, VA 23235","https://www.stmschool.net/summer-camps/",,YES,0
"179d9f59-0681-48b8-a1cf-5c828fe4c42f","STEAM Discovery Academy","10701 W Huguenot Road, Richmond, VA","https://www.steamda.com/richmond/ric-summer-schedule",,YES,0
"2874f321-7f08-4ca8-b893-6398ae4c35b4","Summer Art Camp at Atlee Art Loft","9406 Charter Crossing Drive, Mechanicsville, VA","https://www.atleeartloft.com",,YES,0
"00befc88-c397-40d5-aa78-ef533bb2243a","Summer Art Camp at Flow Zone RVA","1404 N Parham Road Suite K208, Henrico, VA 23229","https://flowzonerva.com",,YES,0
"5456b226-926f-40f6-b22e-55fecc4961c7","Sylvan Edge Camps","5309 Commonwealth Centre Parkway Suite 106, Midlothian, VA","https://www.sylvanlearning.com",,YES,0
"03916606-8fbc-4883-b8eb-c33b76362471","The Language Hub Summer Camps","5225 Hickory Park Drive, Suite B, Glen Allen","https://www.thelanguagehub.info/youth-programs",,YES,0
"2fd8080a-967d-4470-b869-003bf54d8e7e","True Black Belt Summer Camp, Ashland","9456 Charter Gate Drive, Ashland, VA","https://trueblackbelt.com/",YES,YES,0
"becfd372-9b27-4e8c-9ec7-07829ec41571","True Black Belt Summer Camp, Glen Allen","11367 Nuckols Road, Glen Allen, VA","https://www.trueblackbelt.com",,YES,0
"2d72a18d-7729-46ae-b62a-4095ddb206b9","Twist Gymnastics Summer Break Camp","2114 Dabney Road, Richmond, VA 23230","https://twistgymnastics.com/summer-break-camp",,YES,0
"9c1579df-7631-4c9a-ad84-3c740d7953ae","University of Richmond Summer Swim Clinic","410 Westhampton Way, Richmond, VA 23173","https://richmondspiderscamps.com/#camps",,YES,0
"1b282a9f-a13d-4daf-96e7-0cb4c8d51cb0","Unscripted Fun: Improv Comedy Camp","600 E Grace Street Suite 400, Richmond, VA","https://www.bridge9theater.com/camps",,YES,0
"3b6cf290-088f-46aa-90ac-13263161e7a4","Victoria's Kitchen Culinary Camps","1000 Blanton Ave, Richmond, VA 23221","https://www.victoriascookingschool.com/cookingclasses?category=d0705947-0dd4-4114-bcff-6a3dfd246903",,YES,0
"cb9e9ae9-5c24-411f-a6d1-12e34d6a02ee","Virginia Outside","4021 Forest Hill Ave, Richmond, VA 23225","https://www.virginiaoutside.com/richmond/",,YES,0
"c3c9d422-4df3-4677-986b-97e91d07df79","Visual Arts Center of Richmond Summer Camps","1812 West Main Street Richmond, VA, 23220","https://app.amilia.com/store/en/visual-arts-richmond/shop/programs/126250",,YES,0
"16dcf5f5-ad71-4934-8645-2075134426dc","VMFA Summer Camps","200 N. Arthur Ashe Boulevard, Richmond, VA 23220","https://www.vmfa.museum/summer-camps",YES,YES,0
"98ee7cb9-2bae-4ed5-ae71-4c344024d665","Weinstein JCC Summer Camp","5403 Monument Avenue, Richmond, VA 23226","https://weinsteinjcc.org/explore-our-programs/camps/",,YES,0
"72d9c37c-5704-427d-8641-0411b95718f8","YMCA of Greater Richmond Summer Camp","Multiple YMCA locations in Richmond, VA area","https://www.ymcarichmond.org/programs/camp/",YES,YES,0
"38f94d13-13c4-40cf-a3cd-ed032788a12d","Young Chefs Academy Richmond","11331 West Broad Street, Glen Allen, VA 23060","https://richmondva.youngchefsacademy.com/culinary-camps/#schedule",,YES,0
